                <swip:ListOfSwiPersonIO xsi:schemaLocation="http://xmlns.oracle.com/apps/mdm/customer PersonService.xsd" xmlns:swip="http://www.siebel.com/xml/SwiPersonIO" xmlns:xsi="http://www.w3.org/2001/XMLSchema-instance" xmlns:cus="http://xmlns.oracle.com/apps/mdm/customer" Language="String" ExternalSystemName="String" MessageId="String" EnterpriseServerName="String" Operation="Insert" ExternalSystemId="Siebel01">
                                <swip:Contact operation="String" status="String" searchspec="String">
                                                <swip:Id>1234</swip:Id><!-- Cross ref ID-->
                                                <swip:EmailAddress>Joseph_CookPerformanceUser@intuit.com</swip:EmailAddress>                                                
                                                <swip:FirstName>Joseph</swip:FirstName>
                                                <swip:HomePhone>8585257412</swip:HomePhone>
                                                <swip:LastName>Cook</swip:LastName>
                                                <swip:MiddleName>A</swip:MiddleName>
                                                <swip:PartyUId>10101034</swip:PartyUId><!-- Party ID-->
                                                <swip:ListOfContact_INSPersonalAddress>
                                                                <swip:Contact_INSPersonalAddress IsPrimaryMVG="String" operation="String" searchspec="String">
                                                                                <swip:INSPersonalCity>San Diego</swip:INSPersonalCity>
                                                                                <swip:INSPersonalCountry>US</swip:INSPersonalCountry>
                                                                                <swip:INSPersonalPostalCode>92107</swip:INSPersonalPostalCode>
                                                                                <swip:INSPersonalState>CA</swip:INSPersonalState>
                                                                                <swip:INSPersonalStreetAddress>4923 Cape May Ave.</swip:INSPersonalStreetAddress>
                                                                                <swip:INSPersonalStreetAddress2>Apt. 9.</swip:INSPersonalStreetAddress2>
                                                                </swip:Contact_INSPersonalAddress>
                                                </swip:ListOfContact_INSPersonalAddress>                                                
                                </swip:Contact>
                </swip:ListOfSwiPersonIO>     